primary_node_id,gau,demand_sector,oth_1,resource_bin,year,value,id,sensitivity
67,us,,,1.0,2013,10.0,330,
67,us,,,1.0,2030,10.0,331,
67,us,,,2.0,2013,20.0,332,
67,us,,,2.0,2030,20.0,333,
67,us,,,3.0,2013,30.0,334,
67,us,,,3.0,2030,30.0,335,
67,us,,,4.0,2013,40.0,336,
67,us,,,4.0,2030,40.0,337,
67,us,,,5.0,2013,50.0,338,
67,us,,,5.0,2030,50.0,339,
67,us,,,6.0,2013,60.0,340,
67,us,,,6.0,2030,60.0,341,
67,us,,,7.0,2013,70.0,342,
67,us,,,7.0,2030,70.0,343,
67,us,,,8.0,2013,80.0,344,
67,us,,,8.0,2030,80.0,345,
67,us,,,9.0,2013,90.0,346,
67,us,,,9.0,2030,90.0,347,
67,us,,,10.0,2013,100.0,348,
67,us,,,10.0,2030,100.0,349,
67,us,,,11.0,2013,100.0,350,
67,us,,,11.0,2030,100.0,351,
56,us,,,,2015,1.7211,704,
56,us,,,,2016,1.6883,705,
56,us,,,,2017,1.6889,706,
56,us,,,,2018,1.692,707,
56,us,,,,2019,1.7076,708,
56,us,,,,2020,1.7337,709,
56,us,,,,2021,1.7342,710,
56,us,,,,2022,1.7606,711,
56,us,,,,2023,1.7582,712,
56,us,,,,2024,1.7556,713,
56,us,,,,2025,1.7469,714,
56,us,,,,2026,1.7432,715,
56,us,,,,2027,1.7354,716,
56,us,,,,2028,1.7239,717,
56,us,,,,2029,1.7134,718,
56,us,,,,2030,1.7355,719,
56,us,,,,2031,1.7446,720,
56,us,,,,2032,1.7563,721,
56,us,,,,2033,1.7837,722,
56,us,,,,2034,1.8006,723,
56,us,,,,2035,1.8183,724,
56,us,,,,2036,1.839,725,
56,us,,,,2037,1.8455,726,
56,us,,,,2038,1.855,727,
56,us,,,,2039,1.8636,728,
56,us,,,,2040,1.8733,729,
56,us,,,,2041,1.8864,730,
56,us,,,,2042,1.9064,731,
56,us,,,,2043,1.9212,732,
56,us,,,,2044,1.935,733,
56,us,,,,2045,1.9376,734,
56,us,,,,2046,1.9465,735,
56,us,,,,2047,1.9556,736,
56,us,,,,2048,1.9508,737,
56,us,,,,2049,1.95,738,
56,us,,,,2050,1.9626,739,
56,us,,,,2015,1.7341,740,No CPP
56,us,,,,2016,1.7076,741,No CPP
56,us,,,,2017,1.6891,742,No CPP
56,us,,,,2018,1.7009,743,No CPP
56,us,,,,2019,1.7169,744,No CPP
56,us,,,,2020,1.7382,745,No CPP
56,us,,,,2021,1.729,746,No CPP
56,us,,,,2022,1.7623,747,No CPP
56,us,,,,2023,1.7733,748,No CPP
56,us,,,,2024,1.775,749,No CPP
56,us,,,,2025,1.7719,750,No CPP
56,us,,,,2026,1.7765,751,No CPP
56,us,,,,2027,1.7792,752,No CPP
56,us,,,,2028,1.7769,753,No CPP
56,us,,,,2029,1.7691,754,No CPP
56,us,,,,2030,1.7781,755,No CPP
56,us,,,,2031,1.793,756,No CPP
56,us,,,,2032,1.8109,757,No CPP
56,us,,,,2033,1.8306,758,No CPP
56,us,,,,2034,1.8484,759,No CPP
56,us,,,,2035,1.8732,760,No CPP
56,us,,,,2036,1.9029,761,No CPP
56,us,,,,2037,1.9295,762,No CPP
56,us,,,,2038,1.9564,763,No CPP
56,us,,,,2039,1.9787,764,No CPP
56,us,,,,2040,1.9998,765,No CPP
56,us,,,,2041,2.0144,766,No CPP
56,us,,,,2042,2.029,767,No CPP
56,us,,,,2043,2.0436,768,No CPP
56,us,,,,2044,2.0587,769,No CPP
56,us,,,,2045,2.0652,770,No CPP
56,us,,,,2046,2.0686,771,No CPP
56,us,,,,2047,2.0789,772,No CPP
56,us,,,,2048,2.0848,773,No CPP
56,us,,,,2049,2.0921,774,No CPP
56,us,,,,2050,2.0975,775,No CPP
56,us,,,,2015,1.7211,776,High economic growth
56,us,,,,2016,1.6959,777,High economic growth
56,us,,,,2017,1.6807,778,High economic growth
56,us,,,,2018,1.6941,779,High economic growth
56,us,,,,2019,1.7075,780,High economic growth
56,us,,,,2020,1.7333,781,High economic growth
56,us,,,,2021,1.7358,782,High economic growth
56,us,,,,2022,1.7658,783,High economic growth
56,us,,,,2023,1.7632,784,High economic growth
56,us,,,,2024,1.7626,785,High economic growth
56,us,,,,2025,1.7513,786,High economic growth
56,us,,,,2026,1.7557,787,High economic growth
56,us,,,,2027,1.7367,788,High economic growth
56,us,,,,2028,1.7243,789,High economic growth
56,us,,,,2029,1.7104,790,High economic growth
56,us,,,,2030,1.7399,791,High economic growth
56,us,,,,2031,1.7541,792,High economic growth
56,us,,,,2032,1.7674,793,High economic growth
56,us,,,,2033,1.7947,794,High economic growth
56,us,,,,2034,1.807,795,High economic growth
56,us,,,,2035,1.8281,796,High economic growth
56,us,,,,2036,1.8437,797,High economic growth
56,us,,,,2037,1.855,798,High economic growth
56,us,,,,2038,1.8707,799,High economic growth
56,us,,,,2039,1.8846,800,High economic growth
56,us,,,,2040,1.8928,801,High economic growth
56,us,,,,2041,1.9151,802,High economic growth
56,us,,,,2042,1.9288,803,High economic growth
56,us,,,,2043,1.9435,804,High economic growth
56,us,,,,2044,1.9579,805,High economic growth
56,us,,,,2045,1.9636,806,High economic growth
56,us,,,,2046,1.962,807,High economic growth
56,us,,,,2047,1.973,808,High economic growth
56,us,,,,2048,1.9798,809,High economic growth
56,us,,,,2049,1.9845,810,High economic growth
56,us,,,,2050,1.9931,811,High economic growth
56,us,,,,2015,1.722,812,Low economic growth
56,us,,,,2016,1.6972,813,Low economic growth
56,us,,,,2017,1.6837,814,Low economic growth
56,us,,,,2018,1.6973,815,Low economic growth
56,us,,,,2019,1.7168,816,Low economic growth
56,us,,,,2020,1.7411,817,Low economic growth
56,us,,,,2021,1.7339,818,Low economic growth
56,us,,,,2022,1.7717,819,Low economic growth
56,us,,,,2023,1.7644,820,Low economic growth
56,us,,,,2024,1.7663,821,Low economic growth
56,us,,,,2025,1.7604,822,Low economic growth
56,us,,,,2026,1.7663,823,Low economic growth
56,us,,,,2027,1.7545,824,Low economic growth
56,us,,,,2028,1.7436,825,Low economic growth
56,us,,,,2029,1.737,826,Low economic growth
56,us,,,,2030,1.7508,827,Low economic growth
56,us,,,,2031,1.7668,828,Low economic growth
56,us,,,,2032,1.7897,829,Low economic growth
56,us,,,,2033,1.8166,830,Low economic growth
56,us,,,,2034,1.8303,831,Low economic growth
56,us,,,,2035,1.8513,832,Low economic growth
56,us,,,,2036,1.8637,833,Low economic growth
56,us,,,,2037,1.8723,834,Low economic growth
56,us,,,,2038,1.8879,835,Low economic growth
56,us,,,,2039,1.8971,836,Low economic growth
56,us,,,,2040,1.9026,837,Low economic growth
56,us,,,,2041,1.9149,838,Low economic growth
56,us,,,,2042,1.9293,839,Low economic growth
56,us,,,,2043,1.9418,840,Low economic growth
56,us,,,,2044,1.9499,841,Low economic growth
56,us,,,,2045,1.9453,842,Low economic growth
56,us,,,,2046,1.9443,843,Low economic growth
56,us,,,,2047,1.9502,844,Low economic growth
56,us,,,,2048,1.9515,845,Low economic growth
56,us,,,,2049,1.9574,846,Low economic growth
56,us,,,,2050,1.9604,847,Low economic growth
56,us,,,,2015,1.7211,848,High oil price
56,us,,,,2016,1.6955,849,High oil price
56,us,,,,2017,1.7171,850,High oil price
56,us,,,,2018,1.8012,851,High oil price
56,us,,,,2019,1.8298,852,High oil price
56,us,,,,2020,1.8636,853,High oil price
56,us,,,,2021,1.8698,854,High oil price
56,us,,,,2022,1.8785,855,High oil price
56,us,,,,2023,1.9225,856,High oil price
56,us,,,,2024,1.9182,857,High oil price
56,us,,,,2025,1.9112,858,High oil price
56,us,,,,2026,1.9177,859,High oil price
56,us,,,,2027,1.9019,860,High oil price
56,us,,,,2028,1.8895,861,High oil price
56,us,,,,2029,1.8757,862,High oil price
56,us,,,,2030,1.8732,863,High oil price
56,us,,,,2031,1.8843,864,High oil price
56,us,,,,2032,1.884,865,High oil price
56,us,,,,2033,1.8893,866,High oil price
56,us,,,,2034,1.8996,867,High oil price
56,us,,,,2035,1.9294,868,High oil price
56,us,,,,2036,1.9629,869,High oil price
56,us,,,,2037,1.9872,870,High oil price
56,us,,,,2038,2.0182,871,High oil price
56,us,,,,2039,2.0428,872,High oil price
56,us,,,,2040,2.0716,873,High oil price
56,us,,,,2041,2.0952,874,High oil price
56,us,,,,2042,2.1193,875,High oil price
56,us,,,,2043,2.1357,876,High oil price
56,us,,,,2044,2.148,877,High oil price
56,us,,,,2045,2.1574,878,High oil price
56,us,,,,2046,2.15,879,High oil price
56,us,,,,2047,2.1385,880,High oil price
56,us,,,,2048,2.1346,881,High oil price
56,us,,,,2049,2.1362,882,High oil price
56,us,,,,2050,2.1393,883,High oil price
56,us,,,,2015,1.721,884,Low oil price
56,us,,,,2016,1.6963,885,Low oil price
56,us,,,,2017,1.6599,886,Low oil price
56,us,,,,2018,1.651,887,Low oil price
56,us,,,,2019,1.649,888,Low oil price
56,us,,,,2020,1.6294,889,Low oil price
56,us,,,,2021,1.6038,890,Low oil price
56,us,,,,2022,1.6051,891,Low oil price
56,us,,,,2023,1.6053,892,Low oil price
56,us,,,,2024,1.6222,893,Low oil price
56,us,,,,2025,1.6233,894,Low oil price
56,us,,,,2026,1.6142,895,Low oil price
56,us,,,,2027,1.6099,896,Low oil price
56,us,,,,2028,1.6062,897,Low oil price
56,us,,,,2029,1.6055,898,Low oil price
56,us,,,,2030,1.5958,899,Low oil price
56,us,,,,2031,1.6006,900,Low oil price
56,us,,,,2032,1.6042,901,Low oil price
56,us,,,,2033,1.6128,902,Low oil price
56,us,,,,2034,1.623,903,Low oil price
56,us,,,,2035,1.6441,904,Low oil price
56,us,,,,2036,1.6639,905,Low oil price
56,us,,,,2037,1.6812,906,Low oil price
56,us,,,,2038,1.6861,907,Low oil price
56,us,,,,2039,1.6933,908,Low oil price
56,us,,,,2040,1.7087,909,Low oil price
56,us,,,,2041,1.7258,910,Low oil price
56,us,,,,2042,1.7451,911,Low oil price
56,us,,,,2043,1.7679,912,Low oil price
56,us,,,,2044,1.7879,913,Low oil price
56,us,,,,2045,1.8077,914,Low oil price
56,us,,,,2046,1.8092,915,Low oil price
56,us,,,,2047,1.8094,916,Low oil price
56,us,,,,2048,1.8201,917,Low oil price
56,us,,,,2049,1.8253,918,Low oil price
56,us,,,,2050,1.8347,919,Low oil price
56,us,,,,2015,1.7231,920,High oil and gas resource and technology
56,us,,,,2016,1.6965,921,High oil and gas resource and technology
56,us,,,,2017,1.684,922,High oil and gas resource and technology
56,us,,,,2018,1.6824,923,High oil and gas resource and technology
56,us,,,,2019,1.6874,924,High oil and gas resource and technology
56,us,,,,2020,1.7134,925,High oil and gas resource and technology
56,us,,,,2021,1.7126,926,High oil and gas resource and technology
56,us,,,,2022,1.7421,927,High oil and gas resource and technology
56,us,,,,2023,1.7607,928,High oil and gas resource and technology
56,us,,,,2024,1.7378,929,High oil and gas resource and technology
56,us,,,,2025,1.712,930,High oil and gas resource and technology
56,us,,,,2026,1.7029,931,High oil and gas resource and technology
56,us,,,,2027,1.6938,932,High oil and gas resource and technology
56,us,,,,2028,1.6837,933,High oil and gas resource and technology
56,us,,,,2029,1.6949,934,High oil and gas resource and technology
56,us,,,,2030,1.726,935,High oil and gas resource and technology
56,us,,,,2031,1.7375,936,High oil and gas resource and technology
56,us,,,,2032,1.7383,937,High oil and gas resource and technology
56,us,,,,2033,1.7561,938,High oil and gas resource and technology
56,us,,,,2034,1.7722,939,High oil and gas resource and technology
56,us,,,,2035,1.7694,940,High oil and gas resource and technology
56,us,,,,2036,1.78,941,High oil and gas resource and technology
56,us,,,,2037,1.7871,942,High oil and gas resource and technology
56,us,,,,2038,1.8039,943,High oil and gas resource and technology
56,us,,,,2039,1.8153,944,High oil and gas resource and technology
56,us,,,,2040,1.8279,945,High oil and gas resource and technology
56,us,,,,2041,1.8427,946,High oil and gas resource and technology
56,us,,,,2042,1.8504,947,High oil and gas resource and technology
56,us,,,,2043,1.8611,948,High oil and gas resource and technology
56,us,,,,2044,1.8921,949,High oil and gas resource and technology
56,us,,,,2045,1.9075,950,High oil and gas resource and technology
56,us,,,,2046,1.9033,951,High oil and gas resource and technology
56,us,,,,2047,1.8945,952,High oil and gas resource and technology
56,us,,,,2048,1.887,953,High oil and gas resource and technology
56,us,,,,2049,1.9022,954,High oil and gas resource and technology
56,us,,,,2050,1.9053,955,High oil and gas resource and technology
56,us,,,,2015,1.723,956,Low oil and gas resource and technology
56,us,,,,2016,1.6893,957,Low oil and gas resource and technology
56,us,,,,2017,1.6703,958,Low oil and gas resource and technology
56,us,,,,2018,1.701,959,Low oil and gas resource and technology
56,us,,,,2019,1.7108,960,Low oil and gas resource and technology
56,us,,,,2020,1.7342,961,Low oil and gas resource and technology
56,us,,,,2021,1.7366,962,Low oil and gas resource and technology
56,us,,,,2022,1.7668,963,Low oil and gas resource and technology
56,us,,,,2023,1.7699,964,Low oil and gas resource and technology
56,us,,,,2024,1.7638,965,Low oil and gas resource and technology
56,us,,,,2025,1.7589,966,Low oil and gas resource and technology
56,us,,,,2026,1.7595,967,Low oil and gas resource and technology
56,us,,,,2027,1.7527,968,Low oil and gas resource and technology
60,us,,,,2020,4.5582,1069,High economic growth
56,us,,,,2028,1.7496,969,Low oil and gas resource and technology
56,us,,,,2029,1.7504,970,Low oil and gas resource and technology
56,us,,,,2030,1.7465,971,Low oil and gas resource and technology
56,us,,,,2031,1.7543,972,Low oil and gas resource and technology
56,us,,,,2032,1.7721,973,Low oil and gas resource and technology
56,us,,,,2033,1.8073,974,Low oil and gas resource and technology
56,us,,,,2034,1.859,975,Low oil and gas resource and technology
56,us,,,,2035,1.883,976,Low oil and gas resource and technology
56,us,,,,2036,1.9122,977,Low oil and gas resource and technology
56,us,,,,2037,1.9277,978,Low oil and gas resource and technology
56,us,,,,2038,1.9422,979,Low oil and gas resource and technology
56,us,,,,2039,1.9573,980,Low oil and gas resource and technology
56,us,,,,2040,1.9667,981,Low oil and gas resource and technology
56,us,,,,2041,1.984,982,Low oil and gas resource and technology
56,us,,,,2042,2.005,983,Low oil and gas resource and technology
56,us,,,,2043,2.025,984,Low oil and gas resource and technology
56,us,,,,2044,2.0466,985,Low oil and gas resource and technology
56,us,,,,2045,2.0458,986,Low oil and gas resource and technology
56,us,,,,2046,2.035,987,Low oil and gas resource and technology
56,us,,,,2047,2.0379,988,Low oil and gas resource and technology
56,us,,,,2048,2.0429,989,Low oil and gas resource and technology
56,us,,,,2049,2.0425,990,Low oil and gas resource and technology
56,us,,,,2050,2.0478,991,Low oil and gas resource and technology
60,us,,,,2015,2.6571,992,
60,us,,,,2016,2.5007,993,
60,us,,,,2017,2.9959,994,
60,us,,,,2018,3.4032,995,
60,us,,,,2019,3.9648,996,
60,us,,,,2020,4.505,997,
60,us,,,,2021,4.3914,998,
60,us,,,,2022,4.2557,999,
60,us,,,,2023,4.281,1000,
60,us,,,,2024,4.4135,1001,
60,us,,,,2025,4.5056,1002,
60,us,,,,2026,4.6414,1003,
60,us,,,,2027,4.7524,1004,
60,us,,,,2028,4.8633,1005,
60,us,,,,2029,4.962,1006,
60,us,,,,2030,5.0045,1007,
60,us,,,,2031,5.1054,1008,
60,us,,,,2032,5.1065,1009,
60,us,,,,2033,5.0293,1010,
60,us,,,,2034,5.0041,1011,
60,us,,,,2035,5.091,1012,
60,us,,,,2036,5.0714,1013,
60,us,,,,2037,5.0717,1014,
60,us,,,,2038,5.0543,1015,
60,us,,,,2039,5.0816,1016,
60,us,,,,2040,5.0667,1017,
60,us,,,,2041,5.0862,1018,
60,us,,,,2042,5.1792,1019,
60,us,,,,2043,5.3094,1020,
60,us,,,,2044,5.3599,1021,
60,us,,,,2045,5.4307,1022,
60,us,,,,2046,5.4932,1023,
60,us,,,,2047,5.5701,1024,
60,us,,,,2048,5.6914,1025,
60,us,,,,2049,5.7452,1026,
60,us,,,,2050,5.829,1027,
60,us,,,,2015,2.6571,1028,No CPP
60,us,,,,2016,2.4928,1029,No CPP
60,us,,,,2017,2.9896,1030,No CPP
60,us,,,,2018,3.4054,1031,No CPP
60,us,,,,2019,3.9177,1032,No CPP
60,us,,,,2020,4.4778,1033,No CPP
60,us,,,,2021,4.4252,1034,No CPP
60,us,,,,2022,4.3731,1035,No CPP
60,us,,,,2023,4.3979,1036,No CPP
60,us,,,,2024,4.4848,1037,No CPP
60,us,,,,2025,4.508,1038,No CPP
60,us,,,,2026,4.5788,1039,No CPP
60,us,,,,2027,4.6092,1040,No CPP
60,us,,,,2028,4.7185,1041,No CPP
60,us,,,,2029,4.8108,1042,No CPP
60,us,,,,2030,4.8625,1043,No CPP
60,us,,,,2031,5.0046,1044,No CPP
60,us,,,,2032,5.0195,1045,No CPP
60,us,,,,2033,4.9769,1046,No CPP
60,us,,,,2034,4.9092,1047,No CPP
60,us,,,,2035,4.947,1048,No CPP
60,us,,,,2036,4.975,1049,No CPP
60,us,,,,2037,5.0067,1050,No CPP
60,us,,,,2038,4.9703,1051,No CPP
60,us,,,,2039,5.0092,1052,No CPP
60,us,,,,2040,5.0078,1053,No CPP
60,us,,,,2041,4.9891,1054,No CPP
60,us,,,,2042,5.1412,1055,No CPP
60,us,,,,2043,5.2134,1056,No CPP
60,us,,,,2044,5.251,1057,No CPP
60,us,,,,2045,5.3082,1058,No CPP
60,us,,,,2046,5.3793,1059,No CPP
60,us,,,,2047,5.4546,1060,No CPP
60,us,,,,2048,5.5158,1061,No CPP
60,us,,,,2049,5.6403,1062,No CPP
60,us,,,,2050,5.6488,1063,No CPP
60,us,,,,2015,2.6571,1064,High economic growth
60,us,,,,2016,2.5007,1065,High economic growth
60,us,,,,2017,3.0016,1066,High economic growth
60,us,,,,2018,3.4059,1067,High economic growth
60,us,,,,2019,3.9889,1068,High economic growth
60,us,,,,2021,4.4467,1070,High economic growth
60,us,,,,2022,4.3029,1071,High economic growth
60,us,,,,2023,4.2941,1072,High economic growth
60,us,,,,2024,4.3724,1073,High economic growth
60,us,,,,2025,4.4193,1074,High economic growth
60,us,,,,2026,4.5788,1075,High economic growth
60,us,,,,2027,4.7263,1076,High economic growth
60,us,,,,2028,4.8495,1077,High economic growth
60,us,,,,2029,4.9673,1078,High economic growth
60,us,,,,2030,5.0238,1079,High economic growth
60,us,,,,2031,5.1878,1080,High economic growth
60,us,,,,2032,5.222,1081,High economic growth
60,us,,,,2033,5.1621,1082,High economic growth
60,us,,,,2034,5.1109,1083,High economic growth
60,us,,,,2035,5.1755,1084,High economic growth
60,us,,,,2036,5.186,1085,High economic growth
60,us,,,,2037,5.1622,1086,High economic growth
60,us,,,,2038,5.1741,1087,High economic growth
60,us,,,,2039,5.245,1088,High economic growth
60,us,,,,2040,5.2763,1089,High economic growth
60,us,,,,2041,5.4017,1090,High economic growth
60,us,,,,2042,5.5153,1091,High economic growth
60,us,,,,2043,5.6278,1092,High economic growth
60,us,,,,2044,5.7021,1093,High economic growth
60,us,,,,2045,5.7978,1094,High economic growth
60,us,,,,2046,5.8683,1095,High economic growth
60,us,,,,2047,6.0153,1096,High economic growth
60,us,,,,2048,6.1675,1097,High economic growth
60,us,,,,2049,6.1625,1098,High economic growth
60,us,,,,2050,6.3328,1099,High economic growth
60,us,,,,2015,2.6571,1100,Low economic growth
60,us,,,,2016,2.5008,1101,Low economic growth
60,us,,,,2017,2.9945,1102,Low economic growth
60,us,,,,2018,3.3767,1103,Low economic growth
60,us,,,,2019,3.9181,1104,Low economic growth
60,us,,,,2020,4.375,1105,Low economic growth
60,us,,,,2021,4.2759,1106,Low economic growth
60,us,,,,2022,4.2311,1107,Low economic growth
60,us,,,,2023,4.2641,1108,Low economic growth
60,us,,,,2024,4.4001,1109,Low economic growth
60,us,,,,2025,4.4544,1110,Low economic growth
60,us,,,,2026,4.5734,1111,Low economic growth
60,us,,,,2027,4.6795,1112,Low economic growth
60,us,,,,2028,4.7589,1113,Low economic growth
60,us,,,,2029,4.8986,1114,Low economic growth
60,us,,,,2030,4.9321,1115,Low economic growth
60,us,,,,2031,5.009,1116,Low economic growth
60,us,,,,2032,4.9715,1117,Low economic growth
60,us,,,,2033,4.9092,1118,Low economic growth
60,us,,,,2034,4.8489,1119,Low economic growth
60,us,,,,2035,4.8807,1120,Low economic growth
60,us,,,,2036,4.8679,1121,Low economic growth
60,us,,,,2037,4.9088,1122,Low economic growth
60,us,,,,2038,4.9194,1123,Low economic growth
60,us,,,,2039,4.9516,1124,Low economic growth
60,us,,,,2040,4.9139,1125,Low economic growth
60,us,,,,2041,4.8944,1126,Low economic growth
60,us,,,,2042,4.9325,1127,Low economic growth
60,us,,,,2043,5.0622,1128,Low economic growth
60,us,,,,2044,5.111,1129,Low economic growth
60,us,,,,2045,5.1427,1130,Low economic growth
60,us,,,,2046,5.1741,1131,Low economic growth
60,us,,,,2047,5.2443,1132,Low economic growth
60,us,,,,2048,5.3091,1133,Low economic growth
60,us,,,,2049,5.3624,1134,Low economic growth
60,us,,,,2050,5.4286,1135,Low economic growth
60,us,,,,2015,2.6571,1136,High oil price
60,us,,,,2016,2.4825,1137,High oil price
60,us,,,,2017,2.7734,1138,High oil price
60,us,,,,2018,3.0992,1139,High oil price
60,us,,,,2019,3.4807,1140,High oil price
60,us,,,,2020,3.9792,1141,High oil price
60,us,,,,2021,4.0728,1142,High oil price
60,us,,,,2022,4.2288,1143,High oil price
60,us,,,,2023,4.4145,1144,High oil price
60,us,,,,2024,4.5535,1145,High oil price
60,us,,,,2025,4.7894,1146,High oil price
60,us,,,,2026,5.1248,1147,High oil price
60,us,,,,2027,5.3045,1148,High oil price
60,us,,,,2028,5.4043,1149,High oil price
60,us,,,,2029,5.9091,1150,High oil price
60,us,,,,2030,6.116,1151,High oil price
60,us,,,,2031,5.9729,1152,High oil price
60,us,,,,2032,6.3709,1153,High oil price
60,us,,,,2033,6.2853,1154,High oil price
60,us,,,,2034,6.2541,1155,High oil price
60,us,,,,2035,6.4005,1156,High oil price
60,us,,,,2036,6.5035,1157,High oil price
60,us,,,,2037,6.6125,1158,High oil price
60,us,,,,2038,6.6993,1159,High oil price
60,us,,,,2039,6.7407,1160,High oil price
60,us,,,,2040,6.6986,1161,High oil price
60,us,,,,2041,6.7772,1162,High oil price
60,us,,,,2042,6.7792,1163,High oil price
60,us,,,,2043,7.0605,1164,High oil price
60,us,,,,2044,7.2712,1165,High oil price
60,us,,,,2045,7.3752,1166,High oil price
60,us,,,,2046,7.4421,1167,High oil price
60,us,,,,2047,7.6276,1168,High oil price
60,us,,,,2048,7.9641,1169,High oil price
60,us,,,,2049,8.1503,1170,High oil price
60,us,,,,2050,8.3798,1171,High oil price
60,us,,,,2015,2.6571,1172,Low oil price
60,us,,,,2016,2.5311,1173,Low oil price
60,us,,,,2017,2.8285,1174,Low oil price
60,us,,,,2018,3.1738,1175,Low oil price
60,us,,,,2019,3.617,1176,Low oil price
60,us,,,,2020,3.8921,1177,Low oil price
60,us,,,,2021,3.8981,1178,Low oil price
60,us,,,,2022,3.8681,1179,Low oil price
60,us,,,,2023,3.8908,1180,Low oil price
60,us,,,,2024,3.9927,1181,Low oil price
60,us,,,,2025,4.0683,1182,Low oil price
60,us,,,,2026,4.1895,1183,Low oil price
60,us,,,,2027,4.334,1184,Low oil price
60,us,,,,2028,4.4692,1185,Low oil price
60,us,,,,2029,4.5974,1186,Low oil price
60,us,,,,2030,4.7315,1187,Low oil price
60,us,,,,2031,4.9072,1188,Low oil price
60,us,,,,2032,4.9981,1189,Low oil price
60,us,,,,2033,5.0232,1190,Low oil price
60,us,,,,2034,4.981,1191,Low oil price
60,us,,,,2035,5.0055,1192,Low oil price
60,us,,,,2036,5.0317,1193,Low oil price
60,us,,,,2037,5.0568,1194,Low oil price
60,us,,,,2038,5.0599,1195,Low oil price
60,us,,,,2039,5.0388,1196,Low oil price
60,us,,,,2040,5.0003,1197,Low oil price
60,us,,,,2041,4.9824,1198,Low oil price
60,us,,,,2042,5.0585,1199,Low oil price
60,us,,,,2043,5.2128,1200,Low oil price
60,us,,,,2044,5.2444,1201,Low oil price
60,us,,,,2045,5.3072,1202,Low oil price
60,us,,,,2046,5.3767,1203,Low oil price
60,us,,,,2047,5.439,1204,Low oil price
60,us,,,,2048,5.5888,1205,Low oil price
60,us,,,,2049,5.5407,1206,Low oil price
60,us,,,,2050,5.515,1207,Low oil price
60,us,,,,2015,2.6571,1208,High oil and gas resource and technology
60,us,,,,2016,2.4194,1209,High oil and gas resource and technology
60,us,,,,2017,2.7681,1210,High oil and gas resource and technology
60,us,,,,2018,3.1116,1211,High oil and gas resource and technology
60,us,,,,2019,3.5293,1212,High oil and gas resource and technology
60,us,,,,2020,3.5575,1213,High oil and gas resource and technology
60,us,,,,2021,3.2659,1214,High oil and gas resource and technology
60,us,,,,2022,3.1465,1215,High oil and gas resource and technology
60,us,,,,2023,3.2209,1216,High oil and gas resource and technology
60,us,,,,2024,3.3522,1217,High oil and gas resource and technology
60,us,,,,2025,3.4431,1218,High oil and gas resource and technology
60,us,,,,2026,3.5609,1219,High oil and gas resource and technology
60,us,,,,2027,3.6845,1220,High oil and gas resource and technology
60,us,,,,2028,3.8577,1221,High oil and gas resource and technology
60,us,,,,2029,3.865,1222,High oil and gas resource and technology
60,us,,,,2030,3.7407,1223,High oil and gas resource and technology
60,us,,,,2031,3.5654,1224,High oil and gas resource and technology
60,us,,,,2032,3.4968,1225,High oil and gas resource and technology
60,us,,,,2033,3.4741,1226,High oil and gas resource and technology
60,us,,,,2034,3.4765,1227,High oil and gas resource and technology
60,us,,,,2035,3.4681,1228,High oil and gas resource and technology
60,us,,,,2036,3.445,1229,High oil and gas resource and technology
60,us,,,,2037,3.4163,1230,High oil and gas resource and technology
60,us,,,,2038,3.4284,1231,High oil and gas resource and technology
60,us,,,,2039,3.444,1232,High oil and gas resource and technology
60,us,,,,2040,3.3954,1233,High oil and gas resource and technology
60,us,,,,2041,3.3235,1234,High oil and gas resource and technology
60,us,,,,2042,3.3668,1235,High oil and gas resource and technology
60,us,,,,2043,3.3593,1236,High oil and gas resource and technology
60,us,,,,2044,3.3421,1237,High oil and gas resource and technology
60,us,,,,2045,3.3156,1238,High oil and gas resource and technology
60,us,,,,2046,3.3932,1239,High oil and gas resource and technology
60,us,,,,2047,3.4019,1240,High oil and gas resource and technology
60,us,,,,2048,3.3969,1241,High oil and gas resource and technology
60,us,,,,2049,3.3664,1242,High oil and gas resource and technology
60,us,,,,2050,3.3269,1243,High oil and gas resource and technology
60,us,,,,2015,2.6571,1244,Low oil and gas resource and technology
60,us,,,,2016,2.5533,1245,Low oil and gas resource and technology
60,us,,,,2017,3.1702,1246,Low oil and gas resource and technology
60,us,,,,2018,3.6748,1247,Low oil and gas resource and technology
60,us,,,,2019,4.4139,1248,Low oil and gas resource and technology
60,us,,,,2020,5.3971,1249,Low oil and gas resource and technology
60,us,,,,2021,5.7602,1250,Low oil and gas resource and technology
60,us,,,,2022,6.3178,1251,Low oil and gas resource and technology
60,us,,,,2023,6.5913,1252,Low oil and gas resource and technology
60,us,,,,2024,6.816,1253,Low oil and gas resource and technology
60,us,,,,2025,7.1198,1254,Low oil and gas resource and technology
60,us,,,,2026,7.4672,1255,Low oil and gas resource and technology
60,us,,,,2027,7.6339,1256,Low oil and gas resource and technology
60,us,,,,2028,7.7877,1257,Low oil and gas resource and technology
60,us,,,,2029,7.919,1258,Low oil and gas resource and technology
60,us,,,,2030,7.9665,1259,Low oil and gas resource and technology
60,us,,,,2031,8.4106,1260,Low oil and gas resource and technology
60,us,,,,2032,8.6249,1261,Low oil and gas resource and technology
60,us,,,,2033,8.6282,1262,Low oil and gas resource and technology
60,us,,,,2034,8.623,1263,Low oil and gas resource and technology
60,us,,,,2035,8.636,1264,Low oil and gas resource and technology
60,us,,,,2036,8.9926,1265,Low oil and gas resource and technology
60,us,,,,2037,9.26,1266,Low oil and gas resource and technology
60,us,,,,2038,9.5028,1267,Low oil and gas resource and technology
60,us,,,,2039,9.6698,1268,Low oil and gas resource and technology
60,us,,,,2040,9.7569,1269,Low oil and gas resource and technology
60,us,,,,2041,9.7325,1270,Low oil and gas resource and technology
60,us,,,,2042,9.654,1271,Low oil and gas resource and technology
60,us,,,,2043,9.6441,1272,Low oil and gas resource and technology
60,us,,,,2044,9.6626,1273,Low oil and gas resource and technology
60,us,,,,2045,9.6912,1274,Low oil and gas resource and technology
60,us,,,,2046,9.7323,1275,Low oil and gas resource and technology
60,us,,,,2047,9.8927,1276,Low oil and gas resource and technology
60,us,,,,2048,9.9798,1277,Low oil and gas resource and technology
60,us,,,,2049,10.1526,1278,Low oil and gas resource and technology
60,us,,,,2050,10.3029,1279,Low oil and gas resource and technology
70,us,,,,2015,53.0627,1280,
70,us,,,,2016,43.427,1281,
70,us,,,,2017,49.915,1282,
70,us,,,,2018,63.0424,1283,
70,us,,,,2019,70.3726,1284,
70,us,,,,2020,74.8167,1285,
70,us,,,,2021,78.147,1286,
70,us,,,,2022,80.712,1287,
70,us,,,,2023,82.2798,1288,
70,us,,,,2024,83.7172,1289,
70,us,,,,2025,86.2322,1290,
70,us,,,,2026,88.5536,1291,
70,us,,,,2027,89.9971,1292,
70,us,,,,2028,90.6768,1293,
70,us,,,,2029,92.0716,1294,
70,us,,,,2030,94.5245,1295,
70,us,,,,2031,96.8145,1296,
70,us,,,,2032,99.5278,1297,
70,us,,,,2033,99.6492,1298,
70,us,,,,2034,101.4547,1299,
70,us,,,,2035,102.1503,1300,
70,us,,,,2036,104.9944,1301,
70,us,,,,2037,105.5177,1302,
70,us,,,,2038,106.6719,1303,
70,us,,,,2039,108.3859,1304,
70,us,,,,2040,109.3652,1305,
70,us,,,,2041,110.0413,1306,
70,us,,,,2042,110.2392,1307,
70,us,,,,2043,110.8374,1308,
70,us,,,,2044,111.3793,1309,
70,us,,,,2045,112.0126,1310,
70,us,,,,2046,112.9662,1311,
70,us,,,,2047,114.0918,1312,
70,us,,,,2048,114.3324,1313,
70,us,,,,2049,115.7787,1314,
70,us,,,,2050,116.7982,1315,
70,us,,,,2015,53.0627,1316,No CPP
70,us,,,,2016,43.427,1317,No CPP
70,us,,,,2017,49.916,1318,No CPP
70,us,,,,2018,63.0208,1319,No CPP
70,us,,,,2019,70.3677,1320,No CPP
70,us,,,,2020,74.8316,1321,No CPP
70,us,,,,2021,78.1344,1322,No CPP
70,us,,,,2022,80.6949,1323,No CPP
70,us,,,,2023,82.2798,1324,No CPP
70,us,,,,2024,83.7693,1325,No CPP
70,us,,,,2025,86.2606,1326,No CPP
70,us,,,,2026,88.5536,1327,No CPP
70,us,,,,2027,90.0048,1328,No CPP
70,us,,,,2028,90.6918,1329,No CPP
70,us,,,,2029,91.937,1330,No CPP
70,us,,,,2030,94.324,1331,No CPP
70,us,,,,2031,96.8119,1332,No CPP
70,us,,,,2032,99.4609,1333,No CPP
70,us,,,,2033,99.4123,1334,No CPP
70,us,,,,2034,101.2076,1335,No CPP
70,us,,,,2035,101.9595,1336,No CPP
70,us,,,,2036,104.9071,1337,No CPP
70,us,,,,2037,105.4491,1338,No CPP
70,us,,,,2038,106.5051,1339,No CPP
70,us,,,,2039,108.1722,1340,No CPP
70,us,,,,2040,109.2996,1341,No CPP
70,us,,,,2041,109.7962,1342,No CPP
70,us,,,,2042,110.2097,1343,No CPP
70,us,,,,2043,110.8164,1344,No CPP
70,us,,,,2044,111.2224,1345,No CPP
70,us,,,,2045,111.7704,1346,No CPP
70,us,,,,2046,112.7932,1347,No CPP
70,us,,,,2047,113.7284,1348,No CPP
70,us,,,,2048,114.3324,1349,No CPP
70,us,,,,2049,114.797,1350,No CPP
70,us,,,,2050,116.6402,1351,No CPP
70,us,,,,2015,53.0627,1352,High economic growth
70,us,,,,2016,43.427,1353,High economic growth
70,us,,,,2017,51.7651,1354,High economic growth
70,us,,,,2018,63.0799,1355,High economic growth
70,us,,,,2019,70.4809,1356,High economic growth
70,us,,,,2020,75.0297,1357,High economic growth
70,us,,,,2021,78.3155,1358,High economic growth
70,us,,,,2022,80.9585,1359,High economic growth
70,us,,,,2023,82.4952,1360,High economic growth
70,us,,,,2024,84.1957,1361,High economic growth
70,us,,,,2025,86.7116,1362,High economic growth
70,us,,,,2026,89.093,1363,High economic growth
70,us,,,,2027,90.5639,1364,High economic growth
70,us,,,,2028,91.1851,1365,High economic growth
70,us,,,,2029,92.3164,1366,High economic growth
70,us,,,,2030,95.0037,1367,High economic growth
70,us,,,,2031,97.5749,1368,High economic growth
70,us,,,,2032,100.4948,1369,High economic growth
70,us,,,,2033,100.484,1370,High economic growth
70,us,,,,2034,102.4038,1371,High economic growth
70,us,,,,2035,103.3422,1372,High economic growth
70,us,,,,2036,106.1859,1373,High economic growth
70,us,,,,2037,106.7822,1374,High economic growth
70,us,,,,2038,107.9511,1375,High economic growth
70,us,,,,2039,109.7886,1376,High economic growth
70,us,,,,2040,111.0131,1377,High economic growth
70,us,,,,2041,111.6665,1378,High economic growth
70,us,,,,2042,111.9781,1379,High economic growth
70,us,,,,2043,112.605,1380,High economic growth
70,us,,,,2044,113.1925,1381,High economic growth
70,us,,,,2045,114.5285,1382,High economic growth
70,us,,,,2046,115.4099,1383,High economic growth
70,us,,,,2047,116.393,1384,High economic growth
70,us,,,,2048,116.8769,1385,High economic growth
70,us,,,,2049,118.5474,1386,High economic growth
70,us,,,,2050,120.0062,1387,High economic growth
70,us,,,,2015,53.0627,1388,Low economic growth
70,us,,,,2016,43.427,1389,Low economic growth
70,us,,,,2017,51.7744,1390,Low economic growth
70,us,,,,2018,62.9854,1391,Low economic growth
70,us,,,,2019,70.4803,1392,Low economic growth
70,us,,,,2020,74.6046,1393,Low economic growth
70,us,,,,2021,77.7806,1394,Low economic growth
70,us,,,,2022,80.3237,1395,Low economic growth
70,us,,,,2023,81.801,1396,Low economic growth
70,us,,,,2024,83.2043,1397,Low economic growth
70,us,,,,2025,85.6013,1398,Low economic growth
70,us,,,,2026,87.7737,1399,Low economic growth
70,us,,,,2027,89.0849,1400,Low economic growth
70,us,,,,2028,89.7354,1401,Low economic growth
70,us,,,,2029,91.1961,1402,Low economic growth
70,us,,,,2030,93.3722,1403,Low economic growth
70,us,,,,2031,95.8488,1404,Low economic growth
70,us,,,,2032,98.1619,1405,Low economic growth
70,us,,,,2033,98.2621,1406,Low economic growth
70,us,,,,2034,99.9771,1407,Low economic growth
70,us,,,,2035,100.6004,1408,Low economic growth
70,us,,,,2036,103.5314,1409,Low economic growth
70,us,,,,2037,104.0646,1410,Low economic growth
70,us,,,,2038,104.8987,1411,Low economic growth
70,us,,,,2039,106.3601,1412,Low economic growth
70,us,,,,2040,107.1412,1413,Low economic growth
70,us,,,,2041,107.6694,1414,Low economic growth
70,us,,,,2042,107.9105,1415,Low economic growth
70,us,,,,2043,108.634,1416,Low economic growth
70,us,,,,2044,109.0786,1417,Low economic growth
70,us,,,,2045,109.0151,1418,Low economic growth
70,us,,,,2046,109.524,1419,Low economic growth
70,us,,,,2047,110.9137,1420,Low economic growth
70,us,,,,2048,110.9867,1421,Low economic growth
70,us,,,,2049,111.3752,1422,Low economic growth
70,us,,,,2050,113.1816,1423,Low economic growth
70,us,,,,2015,53.0627,1424,High oil price
70,us,,,,2016,43.427,1425,High oil price
70,us,,,,2017,98.0204,1426,High oil price
70,us,,,,2018,119.9132,1427,High oil price
70,us,,,,2019,139.3496,1428,High oil price
70,us,,,,2020,152.6777,1429,High oil price
70,us,,,,2021,163.4888,1430,High oil price
70,us,,,,2022,172.1566,1431,High oil price
70,us,,,,2023,178.0941,1432,High oil price
70,us,,,,2024,182.4521,1433,High oil price
70,us,,,,2025,188.2968,1434,High oil price
70,us,,,,2026,192.4026,1435,High oil price
70,us,,,,2027,194.8393,1436,High oil price
70,us,,,,2028,197.6117,1437,High oil price
70,us,,,,2029,199.2507,1438,High oil price
70,us,,,,2030,201.4828,1439,High oil price
70,us,,,,2031,204.2659,1440,High oil price
70,us,,,,2032,207.6801,1441,High oil price
70,us,,,,2033,207.7529,1442,High oil price
70,us,,,,2034,211.1577,1443,High oil price
70,us,,,,2035,213.2793,1444,High oil price
70,us,,,,2036,216.0132,1445,High oil price
70,us,,,,2037,216.6904,1446,High oil price
70,us,,,,2038,221.6377,1447,High oil price
70,us,,,,2039,223.356,1448,High oil price
70,us,,,,2040,226.3236,1449,High oil price
70,us,,,,2041,227.9602,1450,High oil price
70,us,,,,2042,229.0687,1451,High oil price
70,us,,,,2043,229.9407,1452,High oil price
70,us,,,,2044,231.1986,1453,High oil price
70,us,,,,2045,233.9183,1454,High oil price
70,us,,,,2046,234.036,1455,High oil price
70,us,,,,2047,235.4534,1456,High oil price
70,us,,,,2048,236.5317,1457,High oil price
70,us,,,,2049,241.1734,1458,High oil price
70,us,,,,2050,240.8831,1459,High oil price
70,us,,,,2015,53.0627,1460,Low oil price
70,us,,,,2016,43.427,1461,Low oil price
70,us,,,,2017,24.5415,1462,Low oil price
70,us,,,,2018,27.8885,1463,Low oil price
70,us,,,,2019,28.7955,1464,Low oil price
70,us,,,,2020,29.3951,1465,Low oil price
70,us,,,,2021,29.6273,1466,Low oil price
70,us,,,,2022,29.9461,1467,Low oil price
70,us,,,,2023,29.9696,1468,Low oil price
70,us,,,,2024,30.1079,1469,Low oil price
70,us,,,,2025,30.8706,1470,Low oil price
70,us,,,,2026,31.6468,1471,Low oil price
70,us,,,,2027,32.6094,1472,Low oil price
70,us,,,,2028,33.7527,1473,Low oil price
70,us,,,,2029,34.8685,1474,Low oil price
70,us,,,,2030,36.2355,1475,Low oil price
70,us,,,,2031,37.2045,1476,Low oil price
70,us,,,,2032,38.1946,1477,Low oil price
70,us,,,,2033,39.2843,1478,Low oil price
70,us,,,,2034,40.5315,1479,Low oil price
70,us,,,,2035,41.1841,1480,Low oil price
70,us,,,,2036,41.527,1481,Low oil price
70,us,,,,2037,41.2088,1482,Low oil price
70,us,,,,2038,41.6422,1483,Low oil price
70,us,,,,2039,42.5852,1484,Low oil price
70,us,,,,2040,43.1657,1485,Low oil price
70,us,,,,2041,44.1671,1486,Low oil price
70,us,,,,2042,44.0585,1487,Low oil price
70,us,,,,2043,44.3615,1488,Low oil price
70,us,,,,2044,44.8111,1489,Low oil price
70,us,,,,2045,45.2503,1490,Low oil price
70,us,,,,2046,45.8693,1491,Low oil price
70,us,,,,2047,46.6772,1492,Low oil price
70,us,,,,2048,47.5222,1493,Low oil price
70,us,,,,2049,47.9579,1494,Low oil price
70,us,,,,2050,48.0388,1495,Low oil price
70,us,,,,2015,53.0627,1496,High oil and gas resource and technology
70,us,,,,2016,43.427,1497,High oil and gas resource and technology
70,us,,,,2017,51.7252,1498,High oil and gas resource and technology
70,us,,,,2018,61.8597,1499,High oil and gas resource and technology
70,us,,,,2019,68.696,1500,High oil and gas resource and technology
70,us,,,,2020,71.9597,1501,High oil and gas resource and technology
70,us,,,,2021,74.3485,1502,High oil and gas resource and technology
70,us,,,,2022,75.9098,1503,High oil and gas resource and technology
70,us,,,,2023,77.7935,1504,High oil and gas resource and technology
70,us,,,,2024,78.9903,1505,High oil and gas resource and technology
70,us,,,,2025,80.8776,1506,High oil and gas resource and technology
70,us,,,,2026,82.5582,1507,High oil and gas resource and technology
70,us,,,,2027,82.2238,1508,High oil and gas resource and technology
70,us,,,,2028,83.0508,1509,High oil and gas resource and technology
70,us,,,,2029,83.9863,1510,High oil and gas resource and technology
70,us,,,,2030,85.2279,1511,High oil and gas resource and technology
70,us,,,,2031,86.7648,1512,High oil and gas resource and technology
70,us,,,,2032,88.0091,1513,High oil and gas resource and technology
70,us,,,,2033,88.063,1514,High oil and gas resource and technology
70,us,,,,2034,88.644,1515,High oil and gas resource and technology
70,us,,,,2035,89.4407,1516,High oil and gas resource and technology
70,us,,,,2036,90.8436,1517,High oil and gas resource and technology
70,us,,,,2037,91.8605,1518,High oil and gas resource and technology
70,us,,,,2038,92.7749,1519,High oil and gas resource and technology
70,us,,,,2039,93.9076,1520,High oil and gas resource and technology
70,us,,,,2040,96.3188,1521,High oil and gas resource and technology
70,us,,,,2041,95.9086,1522,High oil and gas resource and technology
70,us,,,,2042,96.5093,1523,High oil and gas resource and technology
70,us,,,,2043,97.5334,1524,High oil and gas resource and technology
70,us,,,,2044,98.4373,1525,High oil and gas resource and technology
70,us,,,,2045,98.8713,1526,High oil and gas resource and technology
70,us,,,,2046,99.7975,1527,High oil and gas resource and technology
70,us,,,,2047,99.9093,1528,High oil and gas resource and technology
70,us,,,,2048,100.0523,1529,High oil and gas resource and technology
70,us,,,,2049,100.3005,1530,High oil and gas resource and technology
70,us,,,,2050,101.3326,1531,High oil and gas resource and technology
70,us,,,,2015,53.0627,1532,Low oil and gas resource and technology
70,us,,,,2016,43.427,1533,Low oil and gas resource and technology
70,us,,,,2017,51.5195,1534,Low oil and gas resource and technology
70,us,,,,2018,62.6975,1535,Low oil and gas resource and technology
70,us,,,,2019,71.438,1536,Low oil and gas resource and technology
70,us,,,,2020,76.0862,1537,Low oil and gas resource and technology
70,us,,,,2021,80.5641,1538,Low oil and gas resource and technology
70,us,,,,2022,83.5203,1539,Low oil and gas resource and technology
70,us,,,,2023,85.8535,1540,Low oil and gas resource and technology
70,us,,,,2024,87.7212,1541,Low oil and gas resource and technology
70,us,,,,2025,90.5405,1542,Low oil and gas resource and technology
70,us,,,,2026,93.2172,1543,Low oil and gas resource and technology
70,us,,,,2027,94.6833,1544,Low oil and gas resource and technology
70,us,,,,2028,96.2112,1545,Low oil and gas resource and technology
70,us,,,,2029,98.1484,1546,Low oil and gas resource and technology
70,us,,,,2030,100.7344,1547,Low oil and gas resource and technology
70,us,,,,2031,103.8631,1548,Low oil and gas resource and technology
70,us,,,,2032,106.2145,1549,Low oil and gas resource and technology
70,us,,,,2033,106.9755,1550,Low oil and gas resource and technology
70,us,,,,2034,109.1115,1551,Low oil and gas resource and technology
70,us,,,,2035,109.4953,1552,Low oil and gas resource and technology
70,us,,,,2036,113.3824,1553,Low oil and gas resource and technology
70,us,,,,2037,114.6462,1554,Low oil and gas resource and technology
70,us,,,,2038,115.7846,1555,Low oil and gas resource and technology
70,us,,,,2039,117.6986,1556,Low oil and gas resource and technology
70,us,,,,2040,118.8571,1557,Low oil and gas resource and technology
70,us,,,,2041,119.5906,1558,Low oil and gas resource and technology
70,us,,,,2042,119.9635,1559,Low oil and gas resource and technology
70,us,,,,2043,120.5345,1560,Low oil and gas resource and technology
70,us,,,,2044,121.0711,1561,Low oil and gas resource and technology
70,us,,,,2045,121.7468,1562,Low oil and gas resource and technology
70,us,,,,2046,122.8916,1563,Low oil and gas resource and technology
70,us,,,,2047,123.6935,1564,Low oil and gas resource and technology
70,us,,,,2048,124.3507,1565,Low oil and gas resource and technology
70,us,,,,2049,125.6597,1566,Low oil and gas resource and technology
70,us,,,,2050,126.5606,1567,Low oil and gas resource and technology
72,us,,,,2015,53.0627,1568,
72,us,,,,2016,43.427,1569,
72,us,,,,2017,49.915,1570,
72,us,,,,2018,63.0424,1571,
72,us,,,,2019,70.3726,1572,
72,us,,,,2020,74.8167,1573,
72,us,,,,2021,78.147,1574,
72,us,,,,2022,80.712,1575,
72,us,,,,2023,82.2798,1576,
72,us,,,,2024,83.7172,1577,
72,us,,,,2025,86.2322,1578,
72,us,,,,2026,88.5536,1579,
72,us,,,,2027,89.9971,1580,
72,us,,,,2028,90.6768,1581,
72,us,,,,2029,92.0716,1582,
72,us,,,,2030,94.5245,1583,
72,us,,,,2031,96.8145,1584,
72,us,,,,2032,99.5278,1585,
72,us,,,,2033,99.6492,1586,
72,us,,,,2034,101.4547,1587,
72,us,,,,2035,102.1503,1588,
72,us,,,,2036,104.9944,1589,
72,us,,,,2037,105.5177,1590,
72,us,,,,2038,106.6719,1591,
72,us,,,,2039,108.3859,1592,
72,us,,,,2040,109.3652,1593,
72,us,,,,2041,110.0413,1594,
72,us,,,,2042,110.2392,1595,
72,us,,,,2043,110.8374,1596,
72,us,,,,2044,111.3793,1597,
72,us,,,,2045,112.0126,1598,
72,us,,,,2046,112.9662,1599,
72,us,,,,2047,114.0918,1600,
72,us,,,,2048,114.3324,1601,
72,us,,,,2049,115.7787,1602,
72,us,,,,2050,116.7982,1603,
72,us,,,,2015,53.0627,1604,No CPP
72,us,,,,2016,43.427,1605,No CPP
72,us,,,,2017,49.916,1606,No CPP
72,us,,,,2018,63.0208,1607,No CPP
72,us,,,,2019,70.3677,1608,No CPP
72,us,,,,2020,74.8316,1609,No CPP
72,us,,,,2021,78.1344,1610,No CPP
72,us,,,,2022,80.6949,1611,No CPP
72,us,,,,2023,82.2798,1612,No CPP
72,us,,,,2024,83.7693,1613,No CPP
72,us,,,,2025,86.2606,1614,No CPP
72,us,,,,2026,88.5536,1615,No CPP
72,us,,,,2027,90.0048,1616,No CPP
72,us,,,,2028,90.6918,1617,No CPP
72,us,,,,2029,91.937,1618,No CPP
72,us,,,,2030,94.324,1619,No CPP
72,us,,,,2031,96.8119,1620,No CPP
72,us,,,,2032,99.4609,1621,No CPP
72,us,,,,2033,99.4123,1622,No CPP
72,us,,,,2034,101.2076,1623,No CPP
72,us,,,,2035,101.9595,1624,No CPP
72,us,,,,2036,104.9071,1625,No CPP
72,us,,,,2037,105.4491,1626,No CPP
72,us,,,,2038,106.5051,1627,No CPP
72,us,,,,2039,108.1722,1628,No CPP
72,us,,,,2040,109.2996,1629,No CPP
72,us,,,,2041,109.7962,1630,No CPP
72,us,,,,2042,110.2097,1631,No CPP
72,us,,,,2043,110.8164,1632,No CPP
72,us,,,,2044,111.2224,1633,No CPP
72,us,,,,2045,111.7704,1634,No CPP
72,us,,,,2046,112.7932,1635,No CPP
72,us,,,,2047,113.7284,1636,No CPP
72,us,,,,2048,114.3324,1637,No CPP
72,us,,,,2049,114.797,1638,No CPP
72,us,,,,2050,116.6402,1639,No CPP
72,us,,,,2015,53.0627,1640,High economic growth
72,us,,,,2016,43.427,1641,High economic growth
72,us,,,,2017,51.7651,1642,High economic growth
72,us,,,,2018,63.0799,1643,High economic growth
72,us,,,,2019,70.4809,1644,High economic growth
72,us,,,,2020,75.0297,1645,High economic growth
72,us,,,,2021,78.3155,1646,High economic growth
72,us,,,,2022,80.9585,1647,High economic growth
72,us,,,,2023,82.4952,1648,High economic growth
72,us,,,,2024,84.1957,1649,High economic growth
72,us,,,,2025,86.7116,1650,High economic growth
72,us,,,,2026,89.093,1651,High economic growth
72,us,,,,2027,90.5639,1652,High economic growth
72,us,,,,2028,91.1851,1653,High economic growth
72,us,,,,2029,92.3164,1654,High economic growth
72,us,,,,2030,95.0037,1655,High economic growth
72,us,,,,2031,97.5749,1656,High economic growth
72,us,,,,2032,100.4948,1657,High economic growth
72,us,,,,2033,100.484,1658,High economic growth
72,us,,,,2034,102.4038,1659,High economic growth
72,us,,,,2035,103.3422,1660,High economic growth
72,us,,,,2036,106.1859,1661,High economic growth
72,us,,,,2037,106.7822,1662,High economic growth
72,us,,,,2038,107.9511,1663,High economic growth
72,us,,,,2039,109.7886,1664,High economic growth
72,us,,,,2040,111.0131,1665,High economic growth
72,us,,,,2041,111.6665,1666,High economic growth
72,us,,,,2042,111.9781,1667,High economic growth
72,us,,,,2043,112.605,1668,High economic growth
72,us,,,,2044,113.1925,1669,High economic growth
72,us,,,,2045,114.5285,1670,High economic growth
72,us,,,,2046,115.4099,1671,High economic growth
72,us,,,,2047,116.393,1672,High economic growth
72,us,,,,2048,116.8769,1673,High economic growth
72,us,,,,2049,118.5474,1674,High economic growth
72,us,,,,2050,120.0062,1675,High economic growth
72,us,,,,2015,53.0627,1676,Low economic growth
72,us,,,,2016,43.427,1677,Low economic growth
72,us,,,,2017,51.7744,1678,Low economic growth
72,us,,,,2018,62.9854,1679,Low economic growth
72,us,,,,2019,70.4803,1680,Low economic growth
72,us,,,,2020,74.6046,1681,Low economic growth
72,us,,,,2021,77.7806,1682,Low economic growth
72,us,,,,2022,80.3237,1683,Low economic growth
72,us,,,,2023,81.801,1684,Low economic growth
72,us,,,,2024,83.2043,1685,Low economic growth
72,us,,,,2025,85.6013,1686,Low economic growth
72,us,,,,2026,87.7737,1687,Low economic growth
72,us,,,,2027,89.0849,1688,Low economic growth
72,us,,,,2028,89.7354,1689,Low economic growth
72,us,,,,2029,91.1961,1690,Low economic growth
72,us,,,,2030,93.3722,1691,Low economic growth
72,us,,,,2031,95.8488,1692,Low economic growth
72,us,,,,2032,98.1619,1693,Low economic growth
72,us,,,,2033,98.2621,1694,Low economic growth
72,us,,,,2034,99.9771,1695,Low economic growth
72,us,,,,2035,100.6004,1696,Low economic growth
72,us,,,,2036,103.5314,1697,Low economic growth
72,us,,,,2037,104.0646,1698,Low economic growth
72,us,,,,2038,104.8987,1699,Low economic growth
72,us,,,,2039,106.3601,1700,Low economic growth
72,us,,,,2040,107.1412,1701,Low economic growth
72,us,,,,2041,107.6694,1702,Low economic growth
72,us,,,,2042,107.9105,1703,Low economic growth
72,us,,,,2043,108.634,1704,Low economic growth
72,us,,,,2044,109.0786,1705,Low economic growth
72,us,,,,2045,109.0151,1706,Low economic growth
72,us,,,,2046,109.524,1707,Low economic growth
72,us,,,,2047,110.9137,1708,Low economic growth
72,us,,,,2048,110.9867,1709,Low economic growth
72,us,,,,2049,111.3752,1710,Low economic growth
72,us,,,,2050,113.1816,1711,Low economic growth
72,us,,,,2015,53.0627,1712,High oil price
72,us,,,,2016,43.427,1713,High oil price
72,us,,,,2017,98.0204,1714,High oil price
72,us,,,,2018,119.9132,1715,High oil price
72,us,,,,2019,139.3496,1716,High oil price
72,us,,,,2020,152.6777,1717,High oil price
72,us,,,,2021,163.4888,1718,High oil price
72,us,,,,2022,172.1566,1719,High oil price
72,us,,,,2023,178.0941,1720,High oil price
72,us,,,,2024,182.4521,1721,High oil price
72,us,,,,2025,188.2968,1722,High oil price
72,us,,,,2026,192.4026,1723,High oil price
72,us,,,,2027,194.8393,1724,High oil price
72,us,,,,2028,197.6117,1725,High oil price
72,us,,,,2029,199.2507,1726,High oil price
72,us,,,,2030,201.4828,1727,High oil price
72,us,,,,2031,204.2659,1728,High oil price
72,us,,,,2032,207.6801,1729,High oil price
72,us,,,,2033,207.7529,1730,High oil price
72,us,,,,2034,211.1577,1731,High oil price
72,us,,,,2035,213.2793,1732,High oil price
72,us,,,,2036,216.0132,1733,High oil price
72,us,,,,2037,216.6904,1734,High oil price
72,us,,,,2038,221.6377,1735,High oil price
72,us,,,,2039,223.356,1736,High oil price
72,us,,,,2040,226.3236,1737,High oil price
72,us,,,,2041,227.9602,1738,High oil price
72,us,,,,2042,229.0687,1739,High oil price
72,us,,,,2043,229.9407,1740,High oil price
72,us,,,,2044,231.1986,1741,High oil price
72,us,,,,2045,233.9183,1742,High oil price
72,us,,,,2046,234.036,1743,High oil price
72,us,,,,2047,235.4534,1744,High oil price
72,us,,,,2048,236.5317,1745,High oil price
72,us,,,,2049,241.1734,1746,High oil price
72,us,,,,2050,240.8831,1747,High oil price
72,us,,,,2015,53.0627,1748,Low oil price
72,us,,,,2016,43.427,1749,Low oil price
72,us,,,,2017,24.5415,1750,Low oil price
72,us,,,,2018,27.8885,1751,Low oil price
72,us,,,,2019,28.7955,1752,Low oil price
72,us,,,,2020,29.3951,1753,Low oil price
72,us,,,,2021,29.6273,1754,Low oil price
72,us,,,,2022,29.9461,1755,Low oil price
72,us,,,,2023,29.9696,1756,Low oil price
72,us,,,,2024,30.1079,1757,Low oil price
72,us,,,,2025,30.8706,1758,Low oil price
72,us,,,,2026,31.6468,1759,Low oil price
72,us,,,,2027,32.6094,1760,Low oil price
72,us,,,,2028,33.7527,1761,Low oil price
72,us,,,,2029,34.8685,1762,Low oil price
72,us,,,,2030,36.2355,1763,Low oil price
72,us,,,,2031,37.2045,1764,Low oil price
72,us,,,,2032,38.1946,1765,Low oil price
72,us,,,,2033,39.2843,1766,Low oil price
72,us,,,,2034,40.5315,1767,Low oil price
72,us,,,,2035,41.1841,1768,Low oil price
72,us,,,,2036,41.527,1769,Low oil price
72,us,,,,2037,41.2088,1770,Low oil price
72,us,,,,2038,41.6422,1771,Low oil price
72,us,,,,2039,42.5852,1772,Low oil price
72,us,,,,2040,43.1657,1773,Low oil price
72,us,,,,2041,44.1671,1774,Low oil price
72,us,,,,2042,44.0585,1775,Low oil price
72,us,,,,2043,44.3615,1776,Low oil price
72,us,,,,2044,44.8111,1777,Low oil price
72,us,,,,2045,45.2503,1778,Low oil price
72,us,,,,2046,45.8693,1779,Low oil price
72,us,,,,2047,46.6772,1780,Low oil price
72,us,,,,2048,47.5222,1781,Low oil price
72,us,,,,2049,47.9579,1782,Low oil price
72,us,,,,2050,48.0388,1783,Low oil price
72,us,,,,2015,53.0627,1784,High oil and gas resource and technology
72,us,,,,2016,43.427,1785,High oil and gas resource and technology
72,us,,,,2017,51.7252,1786,High oil and gas resource and technology
72,us,,,,2018,61.8597,1787,High oil and gas resource and technology
72,us,,,,2019,68.696,1788,High oil and gas resource and technology
72,us,,,,2020,71.9597,1789,High oil and gas resource and technology
72,us,,,,2021,74.3485,1790,High oil and gas resource and technology
72,us,,,,2022,75.9098,1791,High oil and gas resource and technology
72,us,,,,2023,77.7935,1792,High oil and gas resource and technology
72,us,,,,2024,78.9903,1793,High oil and gas resource and technology
72,us,,,,2025,80.8776,1794,High oil and gas resource and technology
72,us,,,,2026,82.5582,1795,High oil and gas resource and technology
72,us,,,,2027,82.2238,1796,High oil and gas resource and technology
72,us,,,,2028,83.0508,1797,High oil and gas resource and technology
72,us,,,,2029,83.9863,1798,High oil and gas resource and technology
72,us,,,,2030,85.2279,1799,High oil and gas resource and technology
72,us,,,,2031,86.7648,1800,High oil and gas resource and technology
72,us,,,,2032,88.0091,1801,High oil and gas resource and technology
72,us,,,,2033,88.063,1802,High oil and gas resource and technology
72,us,,,,2034,88.644,1803,High oil and gas resource and technology
72,us,,,,2035,89.4407,1804,High oil and gas resource and technology
72,us,,,,2036,90.8436,1805,High oil and gas resource and technology
72,us,,,,2037,91.8605,1806,High oil and gas resource and technology
72,us,,,,2038,92.7749,1807,High oil and gas resource and technology
72,us,,,,2039,93.9076,1808,High oil and gas resource and technology
72,us,,,,2040,96.3188,1809,High oil and gas resource and technology
72,us,,,,2041,95.9086,1810,High oil and gas resource and technology
72,us,,,,2042,96.5093,1811,High oil and gas resource and technology
72,us,,,,2043,97.5334,1812,High oil and gas resource and technology
72,us,,,,2044,98.4373,1813,High oil and gas resource and technology
72,us,,,,2045,98.8713,1814,High oil and gas resource and technology
72,us,,,,2046,99.7975,1815,High oil and gas resource and technology
72,us,,,,2047,99.9093,1816,High oil and gas resource and technology
72,us,,,,2048,100.0523,1817,High oil and gas resource and technology
72,us,,,,2049,100.3005,1818,High oil and gas resource and technology
72,us,,,,2050,101.3326,1819,High oil and gas resource and technology
72,us,,,,2015,53.0627,1820,Low oil and gas resource and technology
72,us,,,,2016,43.427,1821,Low oil and gas resource and technology
72,us,,,,2017,51.5195,1822,Low oil and gas resource and technology
72,us,,,,2018,62.6975,1823,Low oil and gas resource and technology
72,us,,,,2019,71.438,1824,Low oil and gas resource and technology
72,us,,,,2020,76.0862,1825,Low oil and gas resource and technology
72,us,,,,2021,80.5641,1826,Low oil and gas resource and technology
72,us,,,,2022,83.5203,1827,Low oil and gas resource and technology
72,us,,,,2023,85.8535,1828,Low oil and gas resource and technology
72,us,,,,2024,87.7212,1829,Low oil and gas resource and technology
72,us,,,,2025,90.5405,1830,Low oil and gas resource and technology
72,us,,,,2026,93.2172,1831,Low oil and gas resource and technology
72,us,,,,2027,94.6833,1832,Low oil and gas resource and technology
72,us,,,,2028,96.2112,1833,Low oil and gas resource and technology
72,us,,,,2029,98.1484,1834,Low oil and gas resource and technology
72,us,,,,2030,100.7344,1835,Low oil and gas resource and technology
72,us,,,,2031,103.8631,1836,Low oil and gas resource and technology
72,us,,,,2032,106.2145,1837,Low oil and gas resource and technology
72,us,,,,2033,106.9755,1838,Low oil and gas resource and technology
72,us,,,,2034,109.1115,1839,Low oil and gas resource and technology
72,us,,,,2035,109.4953,1840,Low oil and gas resource and technology
72,us,,,,2036,113.3824,1841,Low oil and gas resource and technology
72,us,,,,2037,114.6462,1842,Low oil and gas resource and technology
72,us,,,,2038,115.7846,1843,Low oil and gas resource and technology
72,us,,,,2039,117.6986,1844,Low oil and gas resource and technology
72,us,,,,2040,118.8571,1845,Low oil and gas resource and technology
72,us,,,,2041,119.5906,1846,Low oil and gas resource and technology
72,us,,,,2042,119.9635,1847,Low oil and gas resource and technology
72,us,,,,2043,120.5345,1848,Low oil and gas resource and technology
72,us,,,,2044,121.0711,1849,Low oil and gas resource and technology
72,us,,,,2045,121.7468,1850,Low oil and gas resource and technology
72,us,,,,2046,122.8916,1851,Low oil and gas resource and technology
72,us,,,,2047,123.6935,1852,Low oil and gas resource and technology
72,us,,,,2048,124.3507,1853,Low oil and gas resource and technology
72,us,,,,2049,125.6597,1854,Low oil and gas resource and technology
72,us,,,,2050,126.5606,1855,Low oil and gas resource and technology
94,us,,,,2015,2.6571,1856,
94,us,,,,2016,2.5007,1857,
94,us,,,,2017,2.9959,1858,
94,us,,,,2018,3.4032,1859,
94,us,,,,2019,3.9648,1860,
94,us,,,,2020,4.505,1861,
94,us,,,,2021,4.3914,1862,
94,us,,,,2022,4.2557,1863,
94,us,,,,2023,4.281,1864,
94,us,,,,2024,4.4135,1865,
94,us,,,,2025,4.5056,1866,
94,us,,,,2026,4.6414,1867,
94,us,,,,2027,4.7524,1868,
94,us,,,,2028,4.8633,1869,
94,us,,,,2029,4.962,1870,
94,us,,,,2030,5.0045,1871,
94,us,,,,2031,5.1054,1872,
94,us,,,,2032,5.1065,1873,
94,us,,,,2033,5.0293,1874,
94,us,,,,2034,5.0041,1875,
94,us,,,,2035,5.091,1876,
94,us,,,,2036,5.0714,1877,
94,us,,,,2037,5.0717,1878,
94,us,,,,2038,5.0543,1879,
94,us,,,,2039,5.0816,1880,
94,us,,,,2040,5.0667,1881,
94,us,,,,2041,5.0862,1882,
94,us,,,,2042,5.1792,1883,
94,us,,,,2043,5.3094,1884,
94,us,,,,2044,5.3599,1885,
94,us,,,,2045,5.4307,1886,
94,us,,,,2046,5.4932,1887,
94,us,,,,2047,5.5701,1888,
94,us,,,,2048,5.6914,1889,
94,us,,,,2049,5.7452,1890,
94,us,,,,2050,5.829,1891,
94,us,,,,2015,2.6571,1892,No CPP
94,us,,,,2016,2.4928,1893,No CPP
94,us,,,,2017,2.9896,1894,No CPP
94,us,,,,2018,3.4054,1895,No CPP
94,us,,,,2019,3.9177,1896,No CPP
94,us,,,,2020,4.4778,1897,No CPP
94,us,,,,2021,4.4252,1898,No CPP
94,us,,,,2022,4.3731,1899,No CPP
94,us,,,,2023,4.3979,1900,No CPP
94,us,,,,2024,4.4848,1901,No CPP
94,us,,,,2025,4.508,1902,No CPP
94,us,,,,2026,4.5788,1903,No CPP
94,us,,,,2027,4.6092,1904,No CPP
94,us,,,,2028,4.7185,1905,No CPP
94,us,,,,2029,4.8108,1906,No CPP
94,us,,,,2030,4.8625,1907,No CPP
94,us,,,,2031,5.0046,1908,No CPP
94,us,,,,2032,5.0195,1909,No CPP
94,us,,,,2033,4.9769,1910,No CPP
94,us,,,,2034,4.9092,1911,No CPP
94,us,,,,2035,4.947,1912,No CPP
94,us,,,,2036,4.975,1913,No CPP
94,us,,,,2037,5.0067,1914,No CPP
94,us,,,,2038,4.9703,1915,No CPP
94,us,,,,2039,5.0092,1916,No CPP
94,us,,,,2040,5.0078,1917,No CPP
94,us,,,,2041,4.9891,1918,No CPP
94,us,,,,2042,5.1412,1919,No CPP
94,us,,,,2043,5.2134,1920,No CPP
94,us,,,,2044,5.251,1921,No CPP
94,us,,,,2045,5.3082,1922,No CPP
94,us,,,,2046,5.3793,1923,No CPP
94,us,,,,2047,5.4546,1924,No CPP
94,us,,,,2048,5.5158,1925,No CPP
94,us,,,,2049,5.6403,1926,No CPP
94,us,,,,2050,5.6488,1927,No CPP
94,us,,,,2015,2.6571,1928,High economic growth
94,us,,,,2016,2.5007,1929,High economic growth
94,us,,,,2017,3.0016,1930,High economic growth
94,us,,,,2018,3.4059,1931,High economic growth
94,us,,,,2019,3.9889,1932,High economic growth
94,us,,,,2020,4.5582,1933,High economic growth
94,us,,,,2021,4.4467,1934,High economic growth
94,us,,,,2022,4.3029,1935,High economic growth
94,us,,,,2023,4.2941,1936,High economic growth
94,us,,,,2024,4.3724,1937,High economic growth
94,us,,,,2025,4.4193,1938,High economic growth
94,us,,,,2026,4.5788,1939,High economic growth
94,us,,,,2027,4.7263,1940,High economic growth
94,us,,,,2028,4.8495,1941,High economic growth
94,us,,,,2029,4.9673,1942,High economic growth
94,us,,,,2030,5.0238,1943,High economic growth
94,us,,,,2031,5.1878,1944,High economic growth
94,us,,,,2032,5.222,1945,High economic growth
94,us,,,,2033,5.1621,1946,High economic growth
94,us,,,,2034,5.1109,1947,High economic growth
94,us,,,,2035,5.1755,1948,High economic growth
94,us,,,,2036,5.186,1949,High economic growth
94,us,,,,2037,5.1622,1950,High economic growth
94,us,,,,2038,5.1741,1951,High economic growth
94,us,,,,2039,5.245,1952,High economic growth
94,us,,,,2040,5.2763,1953,High economic growth
94,us,,,,2041,5.4017,1954,High economic growth
94,us,,,,2042,5.5153,1955,High economic growth
94,us,,,,2043,5.6278,1956,High economic growth
94,us,,,,2044,5.7021,1957,High economic growth
94,us,,,,2045,5.7978,1958,High economic growth
94,us,,,,2046,5.8683,1959,High economic growth
94,us,,,,2047,6.0153,1960,High economic growth
94,us,,,,2048,6.1675,1961,High economic growth
94,us,,,,2049,6.1625,1962,High economic growth
94,us,,,,2050,6.3328,1963,High economic growth
94,us,,,,2015,2.6571,1964,Low economic growth
94,us,,,,2016,2.5008,1965,Low economic growth
94,us,,,,2017,2.9945,1966,Low economic growth
94,us,,,,2018,3.3767,1967,Low economic growth
94,us,,,,2019,3.9181,1968,Low economic growth
94,us,,,,2020,4.375,1969,Low economic growth
94,us,,,,2021,4.2759,1970,Low economic growth
94,us,,,,2022,4.2311,1971,Low economic growth
94,us,,,,2023,4.2641,1972,Low economic growth
94,us,,,,2024,4.4001,1973,Low economic growth
94,us,,,,2025,4.4544,1974,Low economic growth
94,us,,,,2026,4.5734,1975,Low economic growth
94,us,,,,2027,4.6795,1976,Low economic growth
94,us,,,,2028,4.7589,1977,Low economic growth
94,us,,,,2029,4.8986,1978,Low economic growth
94,us,,,,2030,4.9321,1979,Low economic growth
94,us,,,,2031,5.009,1980,Low economic growth
94,us,,,,2032,4.9715,1981,Low economic growth
94,us,,,,2033,4.9092,1982,Low economic growth
94,us,,,,2034,4.8489,1983,Low economic growth
94,us,,,,2035,4.8807,1984,Low economic growth
94,us,,,,2036,4.8679,1985,Low economic growth
94,us,,,,2037,4.9088,1986,Low economic growth
94,us,,,,2038,4.9194,1987,Low economic growth
94,us,,,,2039,4.9516,1988,Low economic growth
94,us,,,,2040,4.9139,1989,Low economic growth
94,us,,,,2041,4.8944,1990,Low economic growth
94,us,,,,2042,4.9325,1991,Low economic growth
94,us,,,,2043,5.0622,1992,Low economic growth
94,us,,,,2044,5.111,1993,Low economic growth
94,us,,,,2045,5.1427,1994,Low economic growth
94,us,,,,2046,5.1741,1995,Low economic growth
94,us,,,,2047,5.2443,1996,Low economic growth
94,us,,,,2048,5.3091,1997,Low economic growth
94,us,,,,2049,5.3624,1998,Low economic growth
94,us,,,,2050,5.4286,1999,Low economic growth
94,us,,,,2015,2.6571,2000,High oil price
94,us,,,,2016,2.4825,2001,High oil price
94,us,,,,2017,2.7734,2002,High oil price
94,us,,,,2018,3.0992,2003,High oil price
94,us,,,,2019,3.4807,2004,High oil price
94,us,,,,2020,3.9792,2005,High oil price
94,us,,,,2021,4.0728,2006,High oil price
94,us,,,,2022,4.2288,2007,High oil price
94,us,,,,2023,4.4145,2008,High oil price
94,us,,,,2024,4.5535,2009,High oil price
94,us,,,,2025,4.7894,2010,High oil price
94,us,,,,2026,5.1248,2011,High oil price
94,us,,,,2027,5.3045,2012,High oil price
94,us,,,,2028,5.4043,2013,High oil price
94,us,,,,2029,5.9091,2014,High oil price
94,us,,,,2030,6.116,2015,High oil price
94,us,,,,2031,5.9729,2016,High oil price
94,us,,,,2032,6.3709,2017,High oil price
94,us,,,,2033,6.2853,2018,High oil price
94,us,,,,2034,6.2541,2019,High oil price
94,us,,,,2035,6.4005,2020,High oil price
94,us,,,,2036,6.5035,2021,High oil price
94,us,,,,2037,6.6125,2022,High oil price
94,us,,,,2038,6.6993,2023,High oil price
94,us,,,,2039,6.7407,2024,High oil price
94,us,,,,2040,6.6986,2025,High oil price
94,us,,,,2041,6.7772,2026,High oil price
94,us,,,,2042,6.7792,2027,High oil price
94,us,,,,2043,7.0605,2028,High oil price
94,us,,,,2044,7.2712,2029,High oil price
94,us,,,,2045,7.3752,2030,High oil price
94,us,,,,2046,7.4421,2031,High oil price
94,us,,,,2047,7.6276,2032,High oil price
94,us,,,,2048,7.9641,2033,High oil price
94,us,,,,2049,8.1503,2034,High oil price
94,us,,,,2050,8.3798,2035,High oil price
94,us,,,,2015,2.6571,2036,Low oil price
94,us,,,,2016,2.5311,2037,Low oil price
94,us,,,,2017,2.8285,2038,Low oil price
94,us,,,,2018,3.1738,2039,Low oil price
94,us,,,,2019,3.617,2040,Low oil price
94,us,,,,2020,3.8921,2041,Low oil price
94,us,,,,2021,3.8981,2042,Low oil price
94,us,,,,2022,3.8681,2043,Low oil price
94,us,,,,2023,3.8908,2044,Low oil price
94,us,,,,2024,3.9927,2045,Low oil price
94,us,,,,2025,4.0683,2046,Low oil price
94,us,,,,2026,4.1895,2047,Low oil price
94,us,,,,2027,4.334,2048,Low oil price
94,us,,,,2028,4.4692,2049,Low oil price
94,us,,,,2029,4.5974,2050,Low oil price
94,us,,,,2030,4.7315,2051,Low oil price
94,us,,,,2031,4.9072,2052,Low oil price
94,us,,,,2032,4.9981,2053,Low oil price
94,us,,,,2033,5.0232,2054,Low oil price
94,us,,,,2034,4.981,2055,Low oil price
94,us,,,,2035,5.0055,2056,Low oil price
94,us,,,,2036,5.0317,2057,Low oil price
94,us,,,,2037,5.0568,2058,Low oil price
94,us,,,,2038,5.0599,2059,Low oil price
94,us,,,,2039,5.0388,2060,Low oil price
94,us,,,,2040,5.0003,2061,Low oil price
94,us,,,,2041,4.9824,2062,Low oil price
94,us,,,,2042,5.0585,2063,Low oil price
94,us,,,,2043,5.2128,2064,Low oil price
94,us,,,,2044,5.2444,2065,Low oil price
94,us,,,,2045,5.3072,2066,Low oil price
94,us,,,,2046,5.3767,2067,Low oil price
94,us,,,,2047,5.439,2068,Low oil price
94,us,,,,2048,5.5888,2069,Low oil price
94,us,,,,2049,5.5407,2070,Low oil price
94,us,,,,2050,5.515,2071,Low oil price
94,us,,,,2015,2.6571,2072,High oil and gas resource and technology
94,us,,,,2016,2.4194,2073,High oil and gas resource and technology
94,us,,,,2017,2.7681,2074,High oil and gas resource and technology
94,us,,,,2018,3.1116,2075,High oil and gas resource and technology
94,us,,,,2019,3.5293,2076,High oil and gas resource and technology
94,us,,,,2020,3.5575,2077,High oil and gas resource and technology
94,us,,,,2021,3.2659,2078,High oil and gas resource and technology
94,us,,,,2022,3.1465,2079,High oil and gas resource and technology
94,us,,,,2023,3.2209,2080,High oil and gas resource and technology
94,us,,,,2024,3.3522,2081,High oil and gas resource and technology
94,us,,,,2025,3.4431,2082,High oil and gas resource and technology
94,us,,,,2026,3.5609,2083,High oil and gas resource and technology
94,us,,,,2027,3.6845,2084,High oil and gas resource and technology
94,us,,,,2028,3.8577,2085,High oil and gas resource and technology
94,us,,,,2029,3.865,2086,High oil and gas resource and technology
94,us,,,,2030,3.7407,2087,High oil and gas resource and technology
94,us,,,,2031,3.5654,2088,High oil and gas resource and technology
94,us,,,,2032,3.4968,2089,High oil and gas resource and technology
94,us,,,,2033,3.4741,2090,High oil and gas resource and technology
94,us,,,,2034,3.4765,2091,High oil and gas resource and technology
94,us,,,,2035,3.4681,2092,High oil and gas resource and technology
94,us,,,,2036,3.445,2093,High oil and gas resource and technology
94,us,,,,2037,3.4163,2094,High oil and gas resource and technology
94,us,,,,2038,3.4284,2095,High oil and gas resource and technology
94,us,,,,2039,3.444,2096,High oil and gas resource and technology
94,us,,,,2040,3.3954,2097,High oil and gas resource and technology
94,us,,,,2041,3.3235,2098,High oil and gas resource and technology
94,us,,,,2042,3.3668,2099,High oil and gas resource and technology
94,us,,,,2043,3.3593,2100,High oil and gas resource and technology
94,us,,,,2044,3.3421,2101,High oil and gas resource and technology
94,us,,,,2045,3.3156,2102,High oil and gas resource and technology
94,us,,,,2046,3.3932,2103,High oil and gas resource and technology
94,us,,,,2047,3.4019,2104,High oil and gas resource and technology
94,us,,,,2048,3.3969,2105,High oil and gas resource and technology
94,us,,,,2049,3.3664,2106,High oil and gas resource and technology
94,us,,,,2050,3.3269,2107,High oil and gas resource and technology
94,us,,,,2015,2.6571,2108,Low oil and gas resource and technology
94,us,,,,2016,2.5533,2109,Low oil and gas resource and technology
94,us,,,,2017,3.1702,2110,Low oil and gas resource and technology
94,us,,,,2018,3.6748,2111,Low oil and gas resource and technology
94,us,,,,2019,4.4139,2112,Low oil and gas resource and technology
94,us,,,,2020,5.3971,2113,Low oil and gas resource and technology
94,us,,,,2021,5.7602,2114,Low oil and gas resource and technology
94,us,,,,2022,6.3178,2115,Low oil and gas resource and technology
94,us,,,,2023,6.5913,2116,Low oil and gas resource and technology
94,us,,,,2024,6.816,2117,Low oil and gas resource and technology
94,us,,,,2025,7.1198,2118,Low oil and gas resource and technology
94,us,,,,2026,7.4672,2119,Low oil and gas resource and technology
94,us,,,,2027,7.6339,2120,Low oil and gas resource and technology
94,us,,,,2028,7.7877,2121,Low oil and gas resource and technology
94,us,,,,2029,7.919,2122,Low oil and gas resource and technology
94,us,,,,2030,7.9665,2123,Low oil and gas resource and technology
94,us,,,,2031,8.4106,2124,Low oil and gas resource and technology
94,us,,,,2032,8.6249,2125,Low oil and gas resource and technology
94,us,,,,2033,8.6282,2126,Low oil and gas resource and technology
94,us,,,,2034,8.623,2127,Low oil and gas resource and technology
94,us,,,,2035,8.636,2128,Low oil and gas resource and technology
94,us,,,,2036,8.9926,2129,Low oil and gas resource and technology
94,us,,,,2037,9.26,2130,Low oil and gas resource and technology
94,us,,,,2038,9.5028,2131,Low oil and gas resource and technology
94,us,,,,2039,9.6698,2132,Low oil and gas resource and technology
94,us,,,,2040,9.7569,2133,Low oil and gas resource and technology
94,us,,,,2041,9.7325,2134,Low oil and gas resource and technology
94,us,,,,2042,9.654,2135,Low oil and gas resource and technology
94,us,,,,2043,9.6441,2136,Low oil and gas resource and technology
94,us,,,,2044,9.6626,2137,Low oil and gas resource and technology
94,us,,,,2045,9.6912,2138,Low oil and gas resource and technology
94,us,,,,2046,9.7323,2139,Low oil and gas resource and technology
94,us,,,,2047,9.8927,2140,Low oil and gas resource and technology
94,us,,,,2048,9.9798,2141,Low oil and gas resource and technology
94,us,,,,2049,10.1526,2142,Low oil and gas resource and technology
94,us,,,,2050,10.3029,2143,Low oil and gas resource and technology
59,us,,Ag Residues,1.0,2015,50.0,82958,
59,us,,Energy,1.0,2015,35.0,82959,
75,us,,Forest Residue,1.0,2015,30.0,82960,
59,us,,Ag Residues,2.0,2015,80.0,82961,
59,us,,Energy,2.0,2015,65.0,82962,
75,us,,Forest Residue,2.0,2015,60.0,82963,
59,us,,Ag Residues,3.0,2015,90.0,82964,
59,us,,Energy,3.0,2015,75.0,82965,
75,us,,Forest Residue,3.0,2015,70.0,82966,
59,us,,Ag Residues,4.0,2015,100.0,82967,
59,us,,Energy,4.0,2015,85.0,82968,
75,us,,Forest Residue,4.0,2015,80.0,82969,
59,us,,Ag Residues,5.0,2015,110.0,82970,
59,us,,Energy,5.0,2015,95.0,82971,
75,us,,Forest Residue,5.0,2015,90.0,82972,
59,us,,Ag Residues,6.0,2015,120.0,82973,
59,us,,Energy,6.0,2015,105.0,82974,
75,us,,Forest Residue,6.0,2015,100.0,82975,
59,us,,Ag Residues,7.0,2015,130.0,82976,
59,us,,Energy,7.0,2015,115.0,82977,
75,us,,Forest Residue,7.0,2015,110.0,82978,
59,us,,Ag Residues,8.0,2015,140.0,82979,
59,us,,Energy,8.0,2015,125.0,82980,
75,us,,Forest Residue,8.0,2015,120.0,82981,
59,us,,Ag Residues,9.0,2015,150.0,82982,
59,us,,Energy,9.0,2015,135.0,82983,
75,us,,Forest Residue,9.0,2015,130.0,82984,
74,us,,Food Waste,1.0,2015,0.0,82985,
74,us,,Manure,1.0,2015,0.0,82986,
74,us,,MSW,1.0,2015,0.0,82987,
74,us,,Food Waste,2.0,2015,30.0,82988,
74,us,,Manure,2.0,2015,30.0,82989,
74,us,,MSW,2.0,2015,30.0,82990,
74,us,,Food Waste,3.0,2015,40.0,82991,
74,us,,Manure,3.0,2015,40.0,82992,
74,us,,MSW,3.0,2015,40.0,82993,
74,us,,Food Waste,4.0,2015,50.0,82994,
74,us,,Manure,4.0,2015,50.0,82995,
74,us,,MSW,4.0,2015,50.0,82996,
74,us,,Food Waste,5.0,2015,60.0,82997,
74,us,,Manure,5.0,2015,60.0,82998,
74,us,,MSW,5.0,2015,60.0,82999,
74,us,,Food Waste,6.0,2015,70.0,83000,
74,us,,Manure,6.0,2015,70.0,83001,
74,us,,MSW,6.0,2015,70.0,83002,
74,us,,Food Waste,7.0,2015,80.0,83003,
74,us,,Manure,7.0,2015,80.0,83004,
74,us,,MSW,7.0,2015,80.0,83005,
74,us,,Food Waste,8.0,2015,90.0,83006,
74,us,,Manure,8.0,2015,90.0,83007,
74,us,,MSW,8.0,2015,90.0,83008,
74,us,,Food Waste,9.0,2015,100.0,83009,
74,us,,Manure,9.0,2015,100.0,83010,
74,us,,MSW,9.0,2015,100.0,83011,
75,us,,Tree,1.0,2015,50.0,83012,
75,us,,Tree,2.0,2015,80.0,83013,
75,us,,Tree,3.0,2015,90.0,83014,
75,us,,Tree,4.0,2015,100.0,83015,
75,us,,Tree,5.0,2015,110.0,83016,
75,us,,Tree,6.0,2015,120.0,83017,
75,us,,Tree,7.0,2015,130.0,83018,
75,us,,Tree,8.0,2015,140.0,83019,
75,us,,Tree,9.0,2015,150.0,83020,
76,us,,Biodiesel (soybeans),1.0,2013,10.0,83021,
76,us,,Biodiesel (waste),1.0,2013,10.0,83022,
76,us,,Biodiesel (soybeans),2.0,2013,20.0,83023,
76,us,,Biodiesel (waste),2.0,2013,20.0,83024,
76,us,,Biodiesel (soybeans),3.0,2013,30.0,83025,
76,us,,Biodiesel (waste),3.0,2013,30.0,83026,
76,us,,Biodiesel (soybeans),4.0,2013,40.0,83027,
76,us,,Biodiesel (waste),4.0,2013,40.0,83028,
76,us,,Biodiesel (soybeans),5.0,2013,50.0,83029,
76,us,,Biodiesel (waste),5.0,2013,50.0,83030,
76,us,,Biodiesel (soybeans),6.0,2013,60.0,83031,
76,us,,Biodiesel (waste),6.0,2013,60.0,83032,
76,us,,Biodiesel (soybeans),7.0,2013,70.0,83033,
76,us,,Biodiesel (waste),7.0,2013,70.0,83034,
76,us,,Biodiesel (soybeans),8.0,2013,80.0,83035,
76,us,,Biodiesel (waste),8.0,2013,80.0,83036,
76,us,,Biodiesel (soybeans),9.0,2013,90.0,83037,
76,us,,Biodiesel (waste),9.0,2013,90.0,83038,
76,us,,Biodiesel (soybeans),10.0,2013,100.0,83039,
76,us,,Biodiesel (waste),10.0,2013,100.0,83040,
76,us,,Biodiesel (soybeans),11.0,2013,100.0,83041,
76,us,,Biodiesel (waste),11.0,2013,100.0,83042,
76,us,,Biodiesel (soybeans),1.0,2030,10.0,83043,
76,us,,Biodiesel (waste),1.0,2030,10.0,83044,
76,us,,Biodiesel (soybeans),2.0,2030,20.0,83045,
76,us,,Biodiesel (waste),2.0,2030,20.0,83046,
76,us,,Biodiesel (soybeans),3.0,2030,30.0,83047,
76,us,,Biodiesel (waste),3.0,2030,30.0,83048,
76,us,,Biodiesel (soybeans),4.0,2030,40.0,83049,
76,us,,Biodiesel (waste),4.0,2030,40.0,83050,
76,us,,Biodiesel (soybeans),5.0,2030,50.0,83051,
76,us,,Biodiesel (waste),5.0,2030,50.0,83052,
76,us,,Biodiesel (soybeans),6.0,2030,60.0,83053,
76,us,,Biodiesel (waste),6.0,2030,60.0,83054,
76,us,,Biodiesel (soybeans),7.0,2030,70.0,83055,
76,us,,Biodiesel (waste),7.0,2030,70.0,83056,
76,us,,Biodiesel (soybeans),8.0,2030,80.0,83057,
76,us,,Biodiesel (waste),8.0,2030,80.0,83058,
76,us,,Biodiesel (soybeans),9.0,2030,90.0,83059,
76,us,,Biodiesel (waste),9.0,2030,90.0,83060,
76,us,,Biodiesel (soybeans),10.0,2030,100.0,83061,
76,us,,Biodiesel (waste),10.0,2030,100.0,83062,
76,us,,Biodiesel (soybeans),11.0,2030,100.0,83063,
76,us,,Biodiesel (waste),11.0,2030,100.0,83064,
77,us,,,1.0,2013,10.0,83065,
77,us,,,2.0,2013,20.0,83066,
77,us,,,3.0,2013,30.0,83067,
77,us,,,4.0,2013,40.0,83068,
77,us,,,5.0,2013,50.0,83069,
77,us,,,6.0,2013,60.0,83070,
77,us,,,7.0,2013,70.0,83071,
77,us,,,8.0,2013,80.0,83072,
77,us,,,9.0,2013,90.0,83073,
77,us,,,10.0,2013,100.0,83074,
77,us,,,11.0,2013,100.0,83075,
77,us,,,1.0,2030,10.0,83076,
77,us,,,2.0,2030,20.0,83077,
77,us,,,3.0,2030,30.0,83078,
77,us,,,4.0,2030,40.0,83079,
77,us,,,5.0,2030,50.0,83080,
77,us,,,6.0,2030,60.0,83081,
77,us,,,7.0,2030,70.0,83082,
77,us,,,8.0,2030,80.0,83083,
77,us,,,9.0,2030,90.0,83084,
77,us,,,10.0,2030,100.0,83085,
77,us,,,11.0,2030,100.0,83086,
